Product Name,Features,Battery Quality,Camera Quality,Price_INR,Rating_out_of_5,User_Review_Excerpt,Description,Similarities,Sentiment_Summary,Match_Score
Apple iPhone 17 Pro Max,"A19 Pro, 6.9"" OLED, ProMotion, MagSafe, Apple Intelligence",Excellent (best-in-class for iPhone line),"Excellent (triple 48MP system, computational photography)","149,900",4.8,Top-tier performance and battery; premium cameras and build.,Apple flagship with strongest battery and refined cameras + AI features.,"Shares flagship positioning with Samsung S25 Ultra, OnePlus 13","Overwhelmingly positive; praised for battery and cameras, some note price.",0.96
Samsung Galaxy Z Fold 7,"Foldable 8"" inner display, Snapdragon 8 Elite, multitasking focus",Good (large battery for foldable),Very good (flagship-grade),"157,999",4.6,Best-in-class foldable productivity experience; pricey but polished.,Premium foldable blending tablet and phone experiences.,"Compared with OnePlus Open, Galaxy Z Flip 7 (compact foldable).",Highly positive for innovation and screens; negative on price.,0.92
OnePlus 13s,"Snapdragon 8 Elite, 6.8"" LTPO display, strong battery, fast charging",Excellent (multi-day endurance for many users),Very good (Hasselblad tuning on higher trims),"50,999",4.7,Great value for performance and battery; polished software.,Value-oriented flagship with strong battery and performance.,"OnePlus 13, iQOO 13, Samsung S25 (competes in flagship tier).",Generally positive; noted as best Android value by some reviews.,0.93
Samsung Galaxy S25 Ultra,"Snapdragon 8 Elite for Galaxy, 200MP main, 6.9"" AMOLED, S Pen absent/present by SKU",Very good (>=5000mAh typical flagship),Excellent (best zoom and low-light performance),"98,849",4.8,Arguably the best Android camera phone; powerful hardware.,Samsung flagship focused on photography and display excellence.,"OnePlus 13, Xiaomi 15 Ultra (camera-focused flagships).",Strongly positive for camera and display; expensive.,0.95
Google Pixel 10 Pro,"Google Tensor-next, AI features (Magic Cue), excellent computational photo",Good (decent endurance),Excellent (computational photography and software features),"79,999",4.6,Smartest phone for AI features; photos top-tier.,Google flagship focused on AI and photography.,"Pixel 10, Pixel 9 Pro, iPhone (software-driven camera advantages).",Positive: camera and AI; some note battery tradeoffs.,0.91
Xiaomi 15 Ultra,"Snapdragon flagship, large sensor camera, premium build",Very good,Excellent (ultra flagship camera hardware),"109,999",4.7,Top-tier imaging hardware and fast performance.,Imaging-focused flagship from Xiaomi with premium specs.,"Samsung S25 Ultra, OnePlus 13 (camera heavy flagships).",Positive for camera and hardware; pricey.,0.92
OnePlus 13,"Snapdragon 8 Elite, 6.82"" AMOLED, strong battery, fast charging",Excellent (~6000mAh variants available),Very good (50MP main + tuned software),"63,497",4.7,Excellent battery life and performance; great value flagship.,"OnePlus flagship that balances performance, battery, and price.","OnePlus 13s, iQOO 13, Samsung S25 family.",Mostly positive; praised for battery and value.,0.94
Google Pixel 10,"Google AI features, good display, computational camera",Good,Very good (zoom improvements on Pro sibling),"59,999",4.5,Excellent software and camera; good everyday performance.,Non-Pro Pixel with many AI camera advantages.,"Pixel 10 Pro (smaller), Pixel 9 series.",Positive; praised for software and camera.,0.89
Motorola Razr 60 Ultra,"Premium clamshell foldable, refined hinge, flagship internals",Moderate (compact foldable constraints),Very good for clamshell form factor,"79,999",4.3,Best clamshell experience; slim and stylish but costly.,High-end clamshell foldable focused on design and compactness.,"Samsung Galaxy Z Flip 7, Oppo Find N (compact foldables).",Mostly positive for form factor; some complaints on battery and price.,0.82
Nothing Phone 3a Pro,"Distinctive design, clean software, midrange to upper-mid specs",Good,Good for class,"34,999",4.2,Fresh design and clean UI; decent hardware for price.,Design-forward alternative with balanced specs.,"Pixel 9a, OnePlus mid-tier phones.","Generally positive; praised for design, some for stability.",0.81
Samsung Galaxy S25+,"Flagship SoC, large AMOLED display, flagship cameras",Very good,Very good (slightly below Ultra),"84,990",4.6,Sleek flagship with top-tier display and solid cameras.,Balanced Samsung flagship with top display and performance.,"S25 Ultra (smaller camera gap), OnePlus 13.",Positive; praised for display and ecosystem.,0.9
Samsung Galaxy S25,"Flagship trimmed-down model, compact options, flagship SoC",Good,Very good,"63,250",4.5,Great compact flagship option with flagship performance.,"Slimmer, more compact Samsung flagship with strong performance.",OnePlus 13 (compact flagship competitors).,Positive overall; appreciated for size and performance.,0.88
iQOO 13,"Gaming-oriented Snapdragon flagship, fast charging",Very good (large battery variants),Good to very good,"54,998",4.4,Excellent performance for gaming and fast charge speeds.,Performance-focused phone with strong thermals and charging.,"OnePlus 13, Poco flagship gaming phones.",Positive among gamers; minor thermal notes.,0.86
Vivo X200 Pro,"Premium camera and display tech, flagship internals",Good,Excellent (flagship aspirations),"79,999",4.5,Strong camera hardware and premium screen; solid all-rounder.,Flagship from Vivo with emphasis on camera and display.,"Xiaomi 15 Ultra, Samsung S25 Ultra.",Positive for camera and display; value questioned by some.,0.89
OPPO Find X8 Pro,"Flagship design, high-end camera system, premium display",Very good,Very good to excellent,"92,999",4.5,Premium hardware and cameras; polished software.,OPPO's top-tier flagship with premium finish and cameras.,"OnePlus 13, Xiaomi 15 Ultra.",Mostly positive; praised for finish and cameras.,0.9
Poco X7 Pro 5G,"Value flagship chipset, high-refresh display",Good (above average for price),Good for class,"23,779",4.3,Outstanding value for specs and display at the price.,Budget-friendly phone with premium specs for price-conscious buyers.,Realme and Redmi midrange peers.,Positive sentiment for value; software ads may annoy some.,0.8
OnePlus 13R,"Trimmed flagship performance, good battery, balanced cameras",Very good,Good,"37,999",4.4,Solid everyday performance and excellent battery life for price.,Mid-premium OnePlus option with strong battery and software.,"OnePlus 13, Realme upper-mid models.",Generally positive; strong battery cited frequently.,0.87
Google Pixel 9a,"Budget Pixel with great software, long updates",Good,Very good for price (computational photography),"29,999",4.5,Best budget Pixel — great cameras and software updates promise.,Value-focused Pixel with long software support and camera strengths.,"Nothing Phone 3a Pro, midrange Pixel peers.",Very positive for value and software longevity.,0.88
iPhone 16 Pro Max,"A18 Pro, ProMotion, premium cameras",Very good (improved over prior gens),Excellent,"129,999",4.6,Refined iPhone experience with strong cameras and ecosystem.,Previous-gen iPhone that remains a strong flagship choice.,"iPhone 17 Pro Max (newer), other Apple flagships.",Positive; great performance though superseded by iPhone 17 series.,0.86
Samsung Galaxy Z Flip 7,"Compact clamshell foldable, improved cover screen",Moderate (small form factor),Good for class,"74,999",4.2,Excellent compact foldable with improved cover screen utility.,Compact foldable focused on pocketability and style.,"Motorola Razr 60 Ultra, other clamshells.",Positive for design; some battery concerns.,0.81
Realme 15T,"5G mid-premium specs, fast charging",Good,Good for class,"20,999",4.1,Excellent battery and charging for price; overall balanced.,Value mid-premium phone with strong battery and charging.,"Redmi Note series, Poco X7 Pro.",Positive among budget buyers for battery and price.,0.78
Redmi Note 14 Pro+ 5G,"High refresh display, strong midrange SoC",Good,Very good for midrange,"28,999",4.3,Great value in midrange with strong display and battery.,Popular midrange phone known for value and display quality.,"Realme peers, Poco midrange devices.",Positive for value and features at price point.,0.8
Oppo F31 Pro+ 5G,"Balanced midrange specs, 5G, decent cameras",Good,Good,"32,999",4.0,Reliable midrange performer with good battery and cameras.,Balanced midrange phone aimed at mainstream users.,"Realme, Redmi midrange models.",Generally positive; dependable everyday phone.,0.77
